{
  "Breast Cancer": {
    "mlx": {
      "backend": "MLX (Apple Silicon)",
      "accuracy": 0.968421052631579,
      "log_loss": 0.1016336394720152,
      "latency_median_ms": 134.54070850275457,
      "latency_mean_ms": 136.9500874003279,
      "latency_min_ms": 123.07687501015607,
      "latency_std_ms": 10.650244115718875,
      "latencies": [
        0.12307687501015607,
        0.1366667080001207,
        0.14794700000493322,
        0.15775199999916367,
        0.12507983300019987,
        0.12786720899748616,
        0.13241470900538843,
        0.13055941599304788,
        0.1450487909896765,
        0.14308833300310653
      ]
    },
    "pytorch_cpu": {
      "backend": "PyTorch (CPU)",
      "accuracy": 0.9719298245614035,
      "log_loss": 0.11274449783091205,
      "latency_median_ms": 3062.1697289971053,
      "latency_mean_ms": 3112.241654198442,
      "latency_min_ms": 2785.930666999775,
      "latency_std_ms": 343.9706562586324,
      "latencies": [
        2.785930666999775,
        3.3047636249975767,
        3.976934332997189,
        3.0854957080009626,
        3.1440844999888213,
        3.308358334004879,
        2.8297498330066446,
        3.038843749993248,
        2.8079707919969223,
        2.840284999998403
      ]
    },
    "pytorch_mps": {
      "backend": "PyTorch (MPS)",
      "accuracy": 0.9719298245614035,
      "log_loss": 0.11248502655435186,
      "latency_median_ms": 4121.170291495218,
      "latency_mean_ms": 4035.456533200341,
      "latency_min_ms": 3644.0885000047274,
      "latency_std_ms": 221.2769271774712,
      "latencies": [
        3.8389876250003,
        3.6440885000047274,
        4.200406000003568,
        4.311755582995829,
        4.2583705830038525,
        4.222169790999033,
        3.836790708999615,
        3.799655958006042,
        4.121385082995403,
        4.120955499995034
      ]
    },
    "agreement_mlx_cpu": {
      "prediction_agreement": 0.9824561403508771,
      "max_prob_diff": 0.3349689543247223,
      "mean_prob_diff": 0.013200972229242325
    },
    "speedup_vs_cpu": 22.760172464339377,
    "speedup_vs_mps": 30.631400245754186
  },
  "Iris": {
    "mlx": {
      "backend": "MLX (Apple Silicon)",
      "accuracy": 0.9733333333333334,
      "log_loss": 0.0601428931225635,
      "latency_median_ms": 21.904000503127463,
      "latency_mean_ms": 22.026937699411064,
      "latency_min_ms": 21.142957994015887,
      "latency_std_ms": 0.7619762330214201,
      "latencies": [
        0.02228629200544674,
        0.02199129200016614,
        0.021816709006088786,
        0.02131037499930244,
        0.021288208998157643,
        0.021142957994015887,
        0.02168254200660158,
        0.022516540993819945,
        0.022369917001924478,
        0.023864541988587007
      ]
    },
    "pytorch_cpu": {
      "backend": "PyTorch (CPU)",
      "accuracy": 0.9466666666666667,
      "log_loss": 0.07355381676596805,
      "latency_median_ms": 635.8864995054319,
      "latency_mean_ms": 640.3492707031546,
      "latency_min_ms": 603.0598750076024,
      "latency_std_ms": 26.935617250425302,
      "latencies": [
        0.6975984589953441,
        0.6585498750064289,
        0.6030598750076024,
        0.6699691659887321,
        0.6393807080021361,
        0.6399704580107937,
        0.624016624991782,
        0.6323922910087276,
        0.6282086670107674,
        0.6103465830092318
      ]
    },
    "pytorch_mps": {
      "backend": "PyTorch (MPS)",
      "accuracy": 0.9466666666666667,
      "log_loss": 0.07361905586876949,
      "latency_median_ms": 862.8504579974106,
      "latency_mean_ms": 862.8573538997443,
      "latency_min_ms": 843.8590830046451,
      "latency_std_ms": 13.636192489422012,
      "latencies": [
        0.8505040419986472,
        0.872006915989914,
        0.8655842499865685,
        0.8750739170063753,
        0.888185917006922,
        0.8538815409992822,
        0.846344040997792,
        0.8601166660082527,
        0.8730171659990447,
        0.8438590830046451
      ]
    },
    "agreement_mlx_cpu": {
      "prediction_agreement": 0.9733333333333334,
      "max_prob_diff": 0.2089836597442627,
      "mean_prob_diff": 0.009073816239833832
    },
    "speedup_vs_cpu": 29.03061015793164,
    "speedup_vs_mps": 39.39236843398594
  },
  "Wine": {
    "mlx": {
      "backend": "MLX (Apple Silicon)",
      "accuracy": 0.9775280898876404,
      "log_loss": 0.04238899190727349,
      "latency_median_ms": 28.77214598993305,
      "latency_mean_ms": 28.770983300637454,
      "latency_min_ms": 26.92729199770838,
      "latency_std_ms": 1.3444645394638015,
      "latencies": [
        0.03141437500016764,
        0.028680666990112513,
        0.02692729199770838,
        0.027441041005658917,
        0.027209833002416417,
        0.02809904199966695,
        0.0298881250055274,
        0.02886362498975359,
        0.029136958008166403,
        0.03004887500719633
      ]
    },
    "pytorch_cpu": {
      "backend": "PyTorch (CPU)",
      "accuracy": 0.9662921348314607,
      "log_loss": 0.0828324632220765,
      "latency_median_ms": 807.8135204996215,
      "latency_mean_ms": 830.0673374993494,
      "latency_min_ms": 782.9400420014281,
      "latency_std_ms": 84.71385070000643,
      "latencies": [
        0.8055252909980481,
        0.8113144999952056,
        1.081577125005424,
        0.8172147499863058,
        0.8193128330021864,
        0.7865748330077622,
        0.7897775419987738,
        0.7829400420014281,
        0.7963347089971649,
        0.8101017500011949
      ]
    },
    "pytorch_mps": {
      "backend": "PyTorch (MPS)",
      "accuracy": 0.9662921348314607,
      "log_loss": 0.08026165146779801,
      "latency_median_ms": 976.5048960034619,
      "latency_mean_ms": 990.0628666990087,
      "latency_min_ms": 961.7476249986794,
      "latency_std_ms": 36.363344718784724,
      "latencies": [
        0.9932935830001952,
        0.9775955840013921,
        0.9744770410034107,
        0.9659939589910209,
        1.0047504999965895,
        0.9798210419976385,
        0.9617476249986794,
        0.9742794589983532,
        1.093255665997276,
        0.9754142080055317
      ]
    },
    "agreement_mlx_cpu": {
      "prediction_agreement": 0.9887640449438202,
      "max_prob_diff": 0.5163412094116211,
      "mean_prob_diff": 0.012442711740732193
    },
    "speedup_vs_cpu": 28.076234590991703,
    "speedup_vs_mps": 33.9392444465257
  },
  "scaling": [
    {
      "n_train": 50,
      "n_test": 50,
      "mlx_median_ms": 30.10695899138227,
      "cpu_median_ms": 782.8530410042731,
      "speedup": 26.00239503525928
    },
    {
      "n_train": 100,
      "n_test": 100,
      "mlx_median_ms": 60.09637500392273,
      "cpu_median_ms": 1206.7637500003912,
      "speedup": 20.08047490254813
    },
    {
      "n_train": 200,
      "n_test": 200,
      "mlx_median_ms": 71.16245799988974,
      "cpu_median_ms": 1871.9428339973092,
      "speedup": 26.30520202098991
    },
    {
      "n_train": 284,
      "n_test": 284,
      "mlx_median_ms": 101.3600839942228,
      "cpu_median_ms": 2605.0149999937275,
      "speedup": 25.70060024952431
    }
  ]
}